requirement_id,planned_scope,owner_task,implementation_status,test_ids,evidence_paths,verified_code_ref,notes
FR-02-001,实现,P02-01,not_started,,,,按共享契约与任务详规验收
FR-02-002,实现,P02-01,not_started,,,,按共享契约与任务详规验收
FR-02-003,实现,P02-01,not_started,,,,按共享契约与任务详规验收
FR-02-004,实现,P01-01,not_started,,,,按共享契约与任务详规验收
FR-03-001,实现,P02-01,not_started,,,,按共享契约与任务详规验收
FR-03-002,部分实现,P03-01,not_started,,,,静态文件导入预览可以；不发送到视觉模型或执行图片理解
FR-03-003,实现,P02-01,not_started,,,,按共享契约与任务详规验收
FR-03-004,部分实现,P02-01,not_started,,,,最近使用/已实现工具可用；智能体和用户模板目录只占位
FR-03-005,实现,P02-01,not_started,,,,按共享契约与任务详规验收
FR-03-006,实现,P02-01,not_started,,,,按共享契约与任务详规验收
FR-03-007,调整实现,P02-01,not_started,,,,固定示例填入草稿；用户模板目录占位，内置办公模板在P07
FR-03-008,实现,P02-01,not_started,,,,按共享契约与任务详规验收
FR-03-009,实现,P02-01,not_started,,,,按共享契约与任务详规验收
FR-04-001,实现,P02-03,not_started,,,,按共享契约与任务详规验收
FR-04-002,实现,P02-03,not_started,,,,按共享契约与任务详规验收
FR-04-003,实现,P02-03,not_started,,,,按共享契约与任务详规验收
FR-04-004,实现,P02-03,not_started,,,,按共享契约与任务详规验收
FR-04-005,实现,P02-03,not_started,,,,按共享契约与任务详规验收
FR-04-006,实现,P02-03,not_started,,,,按共享契约与任务详规验收
FR-04-007,实现,P02-03,not_started,,,,按共享契约与任务详规验收
FR-04-008,实现,P02-03,not_started,,,,按共享契约与任务详规验收
FR-04-009,实现,P02-03,not_started,,,,按共享契约与任务详规验收
FR-04-010,实现,P02-03,not_started,,,,按共享契约与任务详规验收
FR-04-011,实现,P02-03,not_started,,,,按共享契约与任务详规验收
FR-04-012,实现,P02-03,not_started,,,,按共享契约与任务详规验收
FR-04-013,实现,P02-03,not_started,,,,按共享契约与任务详规验收
FR-04-014,实现,P02-03,not_started,,,,按共享契约与任务详规验收
FR-04-015,实现,P02-03,not_started,,,,按共享契约与任务详规验收
FR-04-016,实现,P02-03,not_started,,,,按共享契约与任务详规验收
FR-05-001,实现,P02-03,not_started,,,,按共享契约与任务详规验收
FR-05-002,实现,P02-03,not_started,,,,按共享契约与任务详规验收
FR-05-003,实现,P02-03,not_started,,,,按共享契约与任务详规验收
FR-05-004,实现,P02-03,not_started,,,,按共享契约与任务详规验收
FR-05-005,实现,P02-03,not_started,,,,按共享契约与任务详规验收
FR-05-006,实现,P02-03,not_started,,,,按共享契约与任务详规验收
FR-05-007,实现,P02-03,not_started,,,,按共享契约与任务详规验收
FR-06-001,实现,P02-02,not_started,,,,按共享契约与任务详规验收
FR-06-002,实现,P02-02,not_started,,,,按共享契约与任务详规验收
FR-06-003,实现,P02-02,not_started,,,,按共享契约与任务详规验收
FR-06-004,实现,P02-02,not_started,,,,按共享契约与任务详规验收
FR-06-005,实现,P02-02,not_started,,,,按共享契约与任务详规验收
FR-06-006,实现,P02-02,not_started,,,,按共享契约与任务详规验收
FR-06-007,实现,P02-02,not_started,,,,按共享契约与任务详规验收
FR-06-008,实现,P02-02,not_started,,,,按共享契约与任务详规验收
FR-06-009,实现,P02-02,not_started,,,,按共享契约与任务详规验收
FR-06-010,部分实现,P03-03,implemented_and_verified,P03-03.unit;P03-03.integration;P03-03.e2e;T09;T10,docs/evidence/P03-03/local-acceptance.md;docs/evidence/P03-03/public-ci.json;docs/evidence/P03-03/standard-user-acceptance.json;docs/progress/P03-03.md;docs/evidence/P03-03/main-squash-2026-10-11.json,59de6d7cff76d6d3a610320fffa67b0844edec8c,本地托管文件/URL用户正文快照已验证；已连接应用仅延期说明且不可调用；P05联网抓取后续；2026-10-11用户确认squash合入main；最终源分支CI38065599002通过
FR-06-011,延期,—,deferred,,,,摄像头/屏幕获取能力延期
FR-06-012,部分实现,P02-02,not_started,,,,@文件/项目/会话可用；智能体插件不可选择占位对象
FR-06-013,实现,P02-02,not_started,,,,按共享契约与任务详规验收
FR-06-014,实现,P02-02,not_started,,,,按共享契约与任务详规验收
FR-06-015,实现,P02-02,not_started,,,,按共享契约与任务详规验收
FR-06-016,实现,P02-02,not_started,,,,按共享契约与任务详规验收
FR-06-017,实现,P02-02,not_started,,,,按共享契约与任务详规验收
FR-06-018,实现,P02-02,not_started,,,,按共享契约与任务详规验收
FR-06-019,实现,P02-02,not_started,,,,按共享契约与任务详规验收
FR-06-020,实现,P02-02,not_started,,,,按共享契约与任务详规验收
FR-06-021,实现,P02-02,not_started,,,,按共享契约与任务详规验收
FR-06-022,实现,P02-02,not_started,,,,按共享契约与任务详规验收
FR-07-001,实现,P02-02,not_started,,,,按共享契约与任务详规验收
FR-07-002,实现,P02-02,not_started,,,,按共享契约与任务详规验收
FR-07-003,实现,P02-02,not_started,,,,按共享契约与任务详规验收
FR-07-004,部分实现,P02-02,not_started,,,,文本/文件/静态图片卡片实现；音视频交互与创作延期
FR-07-005,实现,P02-02,not_started,,,,按共享契约与任务详规验收
FR-07-006,实现,P02-02,not_started,,,,按共享契约与任务详规验收
FR-07-007,实现,P02-02,not_started,,,,按共享契约与任务详规验收
FR-07-008,实现,P02-02,not_started,,,,按共享契约与任务详规验收
FR-07-009,实现,P02-02,not_started,,,,按共享契约与任务详规验收
FR-07-010,实现,P02-02,not_started,,,,按共享契约与任务详规验收
FR-07-011,实现,P02-03,not_started,,,,按共享契约与任务详规验收
FR-07-012,实现,P02-03,not_started,,,,按共享契约与任务详规验收
FR-07-013,实现,P02-03,not_started,,,,按共享契约与任务详规验收
FR-07-014,实现,P02-03,not_started,,,,按共享契约与任务详规验收
FR-07-015,实现,P02-03,not_started,,,,按共享契约与任务详规验收
FR-07-016,实现,P02-03,not_started,,,,按共享契约与任务详规验收
FR-07-017,实现,P02-03,not_started,,,,按共享契约与任务详规验收
FR-07-018,实现,P02-03,not_started,,,,按共享契约与任务详规验收
FR-07-019,延期,—,deferred,,,,G语音能力延期
FR-07-020,调整实现,P02-03,not_started,,,,点赞/反馈本地保存；无公共内容举报后台
FR-07-021,实现,P02-03,not_started,,,,按共享契约与任务详规验收
FR-07-022,部分实现,P07-01,not_started,,,,转文档/工作可用；可复用用户模板目录占位
FR-08-001,实现,P02-03,not_started,,,,按共享契约与任务详规验收
FR-08-002,实现,P02-03,not_started,,,,按共享契约与任务详规验收
FR-08-003,实现,P02-03,not_started,,,,按共享契约与任务详规验收
FR-08-004,实现,P02-03,not_started,,,,按共享契约与任务详规验收
FR-08-005,实现,P02-03,not_started,,,,按共享契约与任务详规验收
FR-08-006,实现,P02-03,not_started,,,,按共享契约与任务详规验收
FR-08-007,实现,P02-03,not_started,,,,按共享契约与任务详规验收
FR-08-008,实现,P05-02,not_started,,,,按共享契约与任务详规验收
FR-08-009,实现,P02-03,not_started,,,,按共享契约与任务详规验收
FR-08-010,实现,P02-03,not_started,,,,按共享契约与任务详规验收
FR-08-011,实现,P04-02,not_started,,,,按共享契约与任务详规验收
FR-08-012,实现,P04-02,not_started,,,,按共享契约与任务详规验收
FR-08-013,实现,P02-03,not_started,,,,按共享契约与任务详规验收
FR-08-014,实现,P02-03,not_started,,,,按共享契约与任务详规验收
FR-09-001,实现,P01-03,not_started,,,,按共享契约与任务详规验收
FR-09-002,实现,P01-03,not_started,,,,按共享契约与任务详规验收
FR-09-003,实现,P01-03,not_started,,,,按共享契约与任务详规验收
FR-09-004,实现,P01-03,not_started,,,,按共享契约与任务详规验收
FR-09-005,部分实现,P02-01,not_started,,,,聊天/工作/研究与推理档实现；媒体创作隐藏
FR-09-006,实现,P01-03,not_started,,,,按共享契约与任务详规验收
FR-09-007,实现,P01-03,not_started,,,,按共享契约与任务详规验收
FR-09-008,实现,P01-03,not_started,,,,按共享契约与任务详规验收
FR-09-009,实现,P01-03,not_started,,,,按共享契约与任务详规验收
FR-09-010,实现,P01-03,not_started,,,,按共享契约与任务详规验收
FR-09-011,实现,P01-03,not_started,,,,按共享契约与任务详规验收
FR-10-001,实现,P06-01,not_started,,,,按共享契约与任务详规验收
FR-10-002,实现,P06-01,not_started,,,,按共享契约与任务详规验收
FR-10-003,实现,P06-01,not_started,,,,按共享契约与任务详规验收
FR-10-004,部分实现,P06-01,not_started,,,,使用已实现模型/资料/内置工具；自定义智能体目录占位
FR-10-005,实现,P06-01,not_started,,,,按共享契约与任务详规验收
FR-10-006,实现,P06-01,not_started,,,,按共享契约与任务详规验收
FR-10-007,实现,P06-01,not_started,,,,按共享契约与任务详规验收
FR-10-008,实现,P06-01,not_started,,,,按共享契约与任务详规验收
FR-10-009,实现,P06-01,not_started,,,,按共享契约与任务详规验收
FR-10-010,占位,P10-02,not_started,,,,定时与用户模板暂只占位，不保存可执行计划
FR-10-011,实现,P06-01,not_started,,,,按共享契约与任务详规验收
FR-10-012,实现,P06-01,not_started,,,,按共享契约与任务详规验收
FR-10-013,实现,P06-01,not_started,,,,按共享契约与任务详规验收
FR-10-014,实现,P06-01,not_started,,,,按共享契约与任务详规验收
FR-10-015,实现,P06-01,not_started,,,,按共享契约与任务详规验收
FR-10-016,实现,P06-01,not_started,,,,按共享契约与任务详规验收
FR-10-017,实现,P06-01,not_started,,,,按共享契约与任务详规验收
FR-10-018,实现,P06-01,not_started,,,,按共享契约与任务详规验收
FR-10-019,实现,P06-01,not_started,,,,按共享契约与任务详规验收
FR-10-020,实现,P06-01,not_started,,,,按共享契约与任务详规验收
FR-10-021,实现,P07-01,not_started,,,,按共享契约与任务详规验收
FR-10-022,实现,P07-01,not_started,,,,按共享契约与任务详规验收
FR-10-023,实现,P07-01,not_started,,,,按共享契约与任务详规验收
FR-10-024,实现,P07-01,not_started,,,,按共享契约与任务详规验收
FR-10-025,实现,P07-01,not_started,,,,按共享契约与任务详规验收
FR-10-026,实现,P07-01,not_started,,,,按共享契约与任务详规验收
FR-10-027,占位,P10-02,not_started,,,,定时与用户模板暂只占位，不保存可执行计划
FR-11-001,实现,P06-03,not_started,,,,按共享契约与任务详规验收
FR-11-002,实现,P06-03,not_started,,,,按共享契约与任务详规验收
FR-11-003,实现,P06-03,not_started,,,,按共享契约与任务详规验收
FR-11-004,实现,P06-03,not_started,,,,按共享契约与任务详规验收
FR-11-005,实现,P06-03,not_started,,,,按共享契约与任务详规验收
FR-11-006,实现,P08-03,not_started,,,,按共享契约与任务详规验收
FR-11-007,实现,P08-03,not_started,,,,按共享契约与任务详规验收
FR-11-008,实现,P08-03,not_started,,,,按共享契约与任务详规验收
FR-11-009,实现,P08-03,not_started,,,,按共享契约与任务详规验收
FR-11-010,实现,P06-03,not_started,,,,按共享契约与任务详规验收
FR-11-011,实现,P06-03,not_started,,,,按共享契约与任务详规验收
FR-12-001,实现,P03-03,implemented_and_verified,P03-03.unit;P03-03.integration;P03-03.e2e;T09;T10,docs/evidence/P03-03/local-acceptance.md;docs/evidence/P03-03/public-ci.json;docs/evidence/P03-03/standard-user-acceptance.json;docs/progress/P03-03.md;docs/evidence/P03-03/main-squash-2026-10-11.json,59de6d7cff76d6d3a610320fffa67b0844edec8c,项目管理/范围/索引按P03-03需求表验证；CI38063378626与本地真实回归通过；2026-10-11用户确认squash合入main；最终源分支CI38065599002通过
FR-12-002,实现,P03-03,implemented_and_verified,P03-03.unit;P03-03.integration;P03-03.e2e;T09;T10,docs/evidence/P03-03/local-acceptance.md;docs/evidence/P03-03/public-ci.json;docs/evidence/P03-03/standard-user-acceptance.json;docs/progress/P03-03.md;docs/evidence/P03-03/main-squash-2026-10-11.json,59de6d7cff76d6d3a610320fffa67b0844edec8c,项目管理/范围/索引按P03-03需求表验证；CI38063378626与本地真实回归通过；2026-10-11用户确认squash合入main；最终源分支CI38065599002通过
FR-12-003,实现,P03-03,implemented_and_verified,P03-03.unit;P03-03.integration;P03-03.e2e;T09;T10,docs/evidence/P03-03/local-acceptance.md;docs/evidence/P03-03/public-ci.json;docs/evidence/P03-03/standard-user-acceptance.json;docs/progress/P03-03.md;docs/evidence/P03-03/main-squash-2026-10-11.json,59de6d7cff76d6d3a610320fffa67b0844edec8c,项目聊天和工作草稿显式绑定并复用项目规则；工作执行归P06；2026-10-11用户确认squash合入main；最终源分支CI38065599002通过
FR-12-004,实现,P03-03,implemented_and_verified,P03-03.unit;P03-03.integration;P03-03.e2e;T09;T10,docs/evidence/P03-03/local-acceptance.md;docs/evidence/P03-03/public-ci.json;docs/evidence/P03-03/standard-user-acceptance.json;docs/progress/P03-03.md;docs/evidence/P03-03/main-squash-2026-10-11.json,59de6d7cff76d6d3a610320fffa67b0844edec8c,项目管理/范围/索引按P03-03需求表验证；CI38063378626与本地真实回归通过；2026-10-11用户确认squash合入main；最终源分支CI38065599002通过
FR-12-005,实现,P03-03,implemented_and_verified,P03-03.unit;P03-03.integration;P03-03.e2e;T09;T10,docs/evidence/P03-03/local-acceptance.md;docs/evidence/P03-03/public-ci.json;docs/evidence/P03-03/standard-user-acceptance.json;docs/progress/P03-03.md;docs/evidence/P03-03/main-squash-2026-10-11.json,59de6d7cff76d6d3a610320fffa67b0844edec8c,项目管理/范围/索引按P03-03需求表验证；CI38063378626与本地真实回归通过；2026-10-11用户确认squash合入main；最终源分支CI38065599002通过
FR-12-006,实现,P03-03,implemented_and_verified,P03-03.unit;P03-03.integration;P03-03.e2e;T09;T10,docs/evidence/P03-03/local-acceptance.md;docs/evidence/P03-03/public-ci.json;docs/evidence/P03-03/standard-user-acceptance.json;docs/progress/P03-03.md;docs/evidence/P03-03/main-squash-2026-10-11.json,59de6d7cff76d6d3a610320fffa67b0844edec8c,项目管理/范围/索引按P03-03需求表验证；CI38063378626与本地真实回归通过；2026-10-11用户确认squash合入main；最终源分支CI38065599002通过
FR-12-007,实现,P03-03,implemented_and_verified,P03-03.unit;P03-03.integration;P03-03.e2e;T09;T10,docs/evidence/P03-03/local-acceptance.md;docs/evidence/P03-03/public-ci.json;docs/evidence/P03-03/standard-user-acceptance.json;docs/progress/P03-03.md;docs/evidence/P03-03/main-squash-2026-10-11.json,59de6d7cff76d6d3a610320fffa67b0844edec8c,项目管理/范围/索引按P03-03需求表验证；CI38063378626与本地真实回归通过；2026-10-11用户确认squash合入main；最终源分支CI38065599002通过
FR-12-008,实现,P03-03,implemented_and_verified,P03-03.unit;P03-03.integration;P03-03.e2e;T09;T10,docs/evidence/P03-03/local-acceptance.md;docs/evidence/P03-03/public-ci.json;docs/evidence/P03-03/standard-user-acceptance.json;docs/progress/P03-03.md;docs/evidence/P03-03/main-squash-2026-10-11.json,59de6d7cff76d6d3a610320fffa67b0844edec8c,项目管理/范围/索引按P03-03需求表验证；CI38063378626与本地真实回归通过；2026-10-11用户确认squash合入main；最终源分支CI38065599002通过
FR-12-009,实现,P03-03,implemented_and_verified,P03-03.unit;P03-03.integration;P03-03.e2e;T09;T10,docs/evidence/P03-03/local-acceptance.md;docs/evidence/P03-03/public-ci.json;docs/evidence/P03-03/standard-user-acceptance.json;docs/progress/P03-03.md;docs/evidence/P03-03/main-squash-2026-10-11.json,59de6d7cff76d6d3a610320fffa67b0844edec8c,项目管理/范围/索引按P03-03需求表验证；CI38063378626与本地真实回归通过；2026-10-11用户确认squash合入main；最终源分支CI38065599002通过
FR-12-010,部分实现,P03-03,implemented_and_verified,P03-03.unit;P03-03.integration;P03-03.e2e;T09;T10,docs/evidence/P03-03/local-acceptance.md;docs/evidence/P03-03/public-ci.json;docs/evidence/P03-03/standard-user-acceptance.json;docs/progress/P03-03.md;docs/evidence/P03-03/main-squash-2026-10-11.json,59de6d7cff76d6d3a610320fffa67b0844edec8c,本地托管文件/URL用户正文快照已验证；已连接应用仅延期说明且不可调用；P05联网抓取后续；2026-10-11用户确认squash合入main；最终源分支CI38065599002通过
FR-12-011,实现,P03-03,implemented_and_verified,P03-03.unit;P03-03.integration;P03-03.e2e;T09;T10,docs/evidence/P03-03/local-acceptance.md;docs/evidence/P03-03/public-ci.json;docs/evidence/P03-03/standard-user-acceptance.json;docs/progress/P03-03.md;docs/evidence/P03-03/main-squash-2026-10-11.json,59de6d7cff76d6d3a610320fffa67b0844edec8c,项目管理/范围/索引按P03-03需求表验证；CI38063378626与本地真实回归通过；2026-10-11用户确认squash合入main；最终源分支CI38065599002通过
FR-12-012,实现,P03-03,implemented_and_verified,P03-03.unit;P03-03.integration;P03-03.e2e;T09;T10,docs/evidence/P03-03/local-acceptance.md;docs/evidence/P03-03/public-ci.json;docs/evidence/P03-03/standard-user-acceptance.json;docs/progress/P03-03.md;docs/evidence/P03-03/main-squash-2026-10-11.json,59de6d7cff76d6d3a610320fffa67b0844edec8c,项目管理/范围/索引按P03-03需求表验证；CI38063378626与本地真实回归通过；2026-10-11用户确认squash合入main；最终源分支CI38065599002通过
FR-12-013,实现,P03-03,implemented_and_verified,P03-03.unit;P03-03.integration;P03-03.e2e;T09;T10,docs/evidence/P03-03/local-acceptance.md;docs/evidence/P03-03/public-ci.json;docs/evidence/P03-03/standard-user-acceptance.json;docs/progress/P03-03.md;docs/evidence/P03-03/main-squash-2026-10-11.json,59de6d7cff76d6d3a610320fffa67b0844edec8c,项目管理/范围/索引按P03-03需求表验证；CI38063378626与本地真实回归通过；2026-10-11用户确认squash合入main；最终源分支CI38065599002通过
FR-12-014,实现,P03-03,implemented_and_verified,P03-03.unit;P03-03.integration;P03-03.e2e;T09;T10,docs/evidence/P03-03/local-acceptance.md;docs/evidence/P03-03/public-ci.json;docs/evidence/P03-03/standard-user-acceptance.json;docs/progress/P03-03.md;docs/evidence/P03-03/main-squash-2026-10-11.json,59de6d7cff76d6d3a610320fffa67b0844edec8c,项目管理/范围/索引按P03-03需求表验证；CI38063378626与本地真实回归通过；2026-10-11用户确认squash合入main；最终源分支CI38065599002通过
FR-12-015,实现,P03-03,implemented_and_verified,P03-03.unit;P03-03.integration;P03-03.e2e;T09;T10,docs/evidence/P03-03/local-acceptance.md;docs/evidence/P03-03/public-ci.json;docs/evidence/P03-03/standard-user-acceptance.json;docs/progress/P03-03.md;docs/evidence/P03-03/main-squash-2026-10-11.json,59de6d7cff76d6d3a610320fffa67b0844edec8c,项目管理/范围/索引按P03-03需求表验证；CI38063378626与本地真实回归通过；2026-10-11用户确认squash合入main；最终源分支CI38065599002通过
FR-12-016,实现,P03-03,implemented_and_verified,P03-03.unit;P03-03.integration;P03-03.e2e;T09;T10,docs/evidence/P03-03/local-acceptance.md;docs/evidence/P03-03/public-ci.json;docs/evidence/P03-03/standard-user-acceptance.json;docs/progress/P03-03.md;docs/evidence/P03-03/main-squash-2026-10-11.json,59de6d7cff76d6d3a610320fffa67b0844edec8c,项目管理/范围/索引按P03-03需求表验证；CI38063378626与本地真实回归通过；2026-10-11用户确认squash合入main；最终源分支CI38065599002通过
FR-12-017,实现,P03-03,implemented_and_verified,P03-03.unit;P03-03.integration;P03-03.e2e;T09;T10,docs/evidence/P03-03/local-acceptance.md;docs/evidence/P03-03/public-ci.json;docs/evidence/P03-03/standard-user-acceptance.json;docs/progress/P03-03.md;docs/evidence/P03-03/main-squash-2026-10-11.json,59de6d7cff76d6d3a610320fffa67b0844edec8c,无依据/过期/等待新版及并发冲突诊断已验证；语义冲突答案质量由P04验收；2026-10-11用户确认squash合入main；最终源分支CI38065599002通过
FR-12-018,实现,P03-03,implemented_and_verified,P03-03.unit;P03-03.integration;P03-03.e2e;T09;T10,docs/evidence/P03-03/local-acceptance.md;docs/evidence/P03-03/public-ci.json;docs/evidence/P03-03/standard-user-acceptance.json;docs/progress/P03-03.md;docs/evidence/P03-03/main-squash-2026-10-11.json,59de6d7cff76d6d3a610320fffa67b0844edec8c,项目管理/范围/索引按P03-03需求表验证；CI38063378626与本地真实回归通过；2026-10-11用户确认squash合入main；最终源分支CI38065599002通过
FR-12-019,实现,P03-03,implemented_and_verified,P03-03.unit;P03-03.integration;P03-03.e2e;T09;T10,docs/evidence/P03-03/local-acceptance.md;docs/evidence/P03-03/public-ci.json;docs/evidence/P03-03/standard-user-acceptance.json;docs/progress/P03-03.md;docs/evidence/P03-03/main-squash-2026-10-11.json,59de6d7cff76d6d3a610320fffa67b0844edec8c,独立scope及项目外记忆/历史/指令三开关逐项验证；自动记忆提取归P04；2026-10-11用户确认squash合入main；最终源分支CI38065599002通过
FR-13-001,实现,P03-01,not_started,,,,按共享契约与任务详规验收
FR-13-002,部分实现,P03-01,not_started,,,,可保存原件/压缩包；媒体理解与处理延期
FR-13-003,实现,P03-01,not_started,,,,按共享契约与任务详规验收
FR-13-004,部分实现,P03-03,implemented_and_verified,P03-03.unit;P03-03.integration;P03-03.e2e;T09;T10,docs/evidence/P03-03/local-acceptance.md;docs/evidence/P03-03/public-ci.json;docs/evidence/P03-03/standard-user-acceptance.json;docs/progress/P03-03.md;docs/evidence/P03-03/main-squash-2026-10-11.json,59de6d7cff76d6d3a610320fffa67b0844edec8c,本地托管文件/URL用户正文快照已验证；已连接应用仅延期说明且不可调用；P05联网抓取后续；2026-10-11用户确认squash合入main；最终源分支CI38065599002通过
FR-13-005,实现,P03-01,not_started,,,,按共享契约与任务详规验收
FR-13-006,实现,P03-01,not_started,,,,按共享契约与任务详规验收
FR-13-007,实现,P03-01,not_started,,,,按共享契约与任务详规验收
FR-13-008,实现,P03-01,not_started,,,,按共享契约与任务详规验收
FR-13-009,实现,P03-01,not_started,,,,按共享契约与任务详规验收
FR-13-010,延期,—,deferred,,,,OCR按图像能力延期，明确无文本而非解析成功
FR-13-011,实现,P03-01,not_started,,,,按共享契约与任务详规验收
FR-13-012,实现,P03-01,not_started,,,,按共享契约与任务详规验收
FR-14-001,实现,P03-01,not_started,,,,按共享契约与任务详规验收
FR-14-002,实现,P03-01,not_started,,,,按共享契约与任务详规验收
FR-14-003,实现,P03-01,not_started,,,,按共享契约与任务详规验收
FR-14-004,实现,P03-01,not_started,,,,按共享契约与任务详规验收
FR-14-005,实现,P03-01,not_started,,,,按共享契约与任务详规验收
FR-14-006,实现,P03-01,not_started,,,,按共享契约与任务详规验收
FR-14-007,实现,P03-01,not_started,,,,按共享契约与任务详规验收
FR-14-008,实现,P03-01,not_started,,,,按共享契约与任务详规验收
FR-14-009,实现,P03-01,not_started,,,,按共享契约与任务详规验收
FR-14-010,实现,P03-01,not_started,,,,按共享契约与任务详规验收
FR-14-011,实现,P03-01,not_started,,,,按共享契约与任务详规验收
FR-14-012,实现,P03-01,not_started,,,,按共享契约与任务详规验收
FR-14-013,实现,P05-02,not_started,,,,按共享契约与任务详规验收
FR-14-014,实现,P05-02,not_started,,,,按共享契约与任务详规验收
FR-14-015,实现,P05-02,not_started,,,,按共享契约与任务详规验收
FR-14-016,实现,P05-02,not_started,,,,按共享契约与任务详规验收
FR-14-017,实现,P05-02,not_started,,,,按共享契约与任务详规验收
FR-14-018,实现,P05-02,not_started,,,,按共享契约与任务详规验收
FR-14-019,实现,P05-02,not_started,,,,按共享契约与任务详规验收
FR-15-001,实现,P03-02,not_started,,,,按共享契约与任务详规验收
FR-15-002,实现,P03-02,not_started,,,,按共享契约与任务详规验收
FR-15-003,实现,P03-02,not_started,,,,按共享契约与任务详规验收
FR-15-004,实现,P03-02,not_started,,,,按共享契约与任务详规验收
FR-15-005,实现,P03-02,not_started,,,,按共享契约与任务详规验收
FR-15-006,实现,P03-02,not_started,,,,按共享契约与任务详规验收
FR-15-007,实现,P03-02,not_started,,,,按共享契约与任务详规验收
FR-15-008,实现,P03-02,not_started,,,,按共享契约与任务详规验收
FR-15-009,实现,P03-02,not_started,,,,按共享契约与任务详规验收
FR-15-010,实现,P03-02,not_started,,,,按共享契约与任务详规验收
FR-16-001,调整实现,P10-01,not_started,,,,后期正文画布；不是完整Office原格式编辑器
FR-16-002,调整实现,P10-01,not_started,,,,后期正文画布；不是完整Office原格式编辑器
FR-16-003,调整实现,P10-01,not_started,,,,后期正文画布；不是完整Office原格式编辑器
FR-16-004,调整实现,P10-01,not_started,,,,后期正文画布；不是完整Office原格式编辑器
FR-16-005,调整实现,P10-01,not_started,,,,后期正文画布；不是完整Office原格式编辑器
FR-16-006,调整实现,P10-01,not_started,,,,后期正文画布；不是完整Office原格式编辑器
FR-16-007,调整实现,P10-01,not_started,,,,后期正文画布；不是完整Office原格式编辑器
FR-16-008,调整实现,P10-01,not_started,,,,后期正文画布；不是完整Office原格式编辑器
FR-16-009,调整实现,P10-01,not_started,,,,后期正文画布；不是完整Office原格式编辑器
FR-16-010,调整实现,P10-01,not_started,,,,后期正文画布；不是完整Office原格式编辑器
FR-16-011,调整实现,P10-01,not_started,,,,后期正文画布；不是完整Office原格式编辑器
FR-16-012,调整实现,P10-01,not_started,,,,后期正文画布；不是完整Office原格式编辑器
FR-17-001,实现,P07-01,not_started,,,,可编辑文档与PDF成果
FR-17-002,实现,P07-01,not_started,,,,可编辑文档与PDF成果
FR-17-003,实现,P07-01,not_started,,,,可编辑文档与PDF成果
FR-17-004,实现,P07-01,not_started,,,,可编辑文档与PDF成果
FR-17-005,实现,P07-03,not_started,,,,通过SlideDeckSpec和预览修改
FR-17-006,实现,P07-03,not_started,,,,通过SlideDeckSpec和预览修改
FR-17-007,实现,P07-03,not_started,,,,通过SlideDeckSpec和预览修改
FR-17-008,实现,P07-01,not_started,,,,可编辑文档与PDF成果
FR-17-009,实现,P07-02,not_started,,,,表格分析/图表成果，非完整Excel编辑器
FR-17-010,实现,P07-02,not_started,,,,表格分析/图表成果，非完整Excel编辑器
FR-17-011,实现,P07-02,not_started,,,,表格分析/图表成果，非完整Excel编辑器
FR-17-012,实现,P07-02,not_started,,,,表格分析/图表成果，非完整Excel编辑器
FR-17-013,实现,P07-02,not_started,,,,表格分析/图表成果，非完整Excel编辑器
FR-17-014,实现,P07-02,not_started,,,,表格分析/图表成果，非完整Excel编辑器
FR-17-015,实现,P07-02,not_started,,,,表格分析/图表成果，非完整Excel编辑器
FR-17-016,实现,P07-02,not_started,,,,表格分析/图表成果，非完整Excel编辑器
FR-17-017,实现,P07-02,not_started,,,,表格分析/图表成果，非完整Excel编辑器
FR-18-001,实现,P05-01,not_started,,,,按共享契约与任务详规验收
FR-18-002,实现,P05-01,not_started,,,,按共享契约与任务详规验收
FR-18-003,实现,P05-01,not_started,,,,按共享契约与任务详规验收
FR-18-004,实现,P05-01,not_started,,,,按共享契约与任务详规验收
FR-18-005,实现,P05-01,not_started,,,,按共享契约与任务详规验收
FR-18-006,实现,P05-01,not_started,,,,按共享契约与任务详规验收
FR-18-007,实现,P05-01,not_started,,,,按共享契约与任务详规验收
FR-18-008,实现,P05-01,not_started,,,,按共享契约与任务详规验收
FR-18-009,实现,P08-02,not_started,,,,按共享契约与任务详规验收
FR-18-010,实现,P08-02,not_started,,,,按共享契约与任务详规验收
FR-18-011,实现,P08-02,not_started,,,,按共享契约与任务详规验收
FR-18-012,实现,P08-02,not_started,,,,按共享契约与任务详规验收
FR-18-013,实现,P08-02,not_started,,,,按共享契约与任务详规验收
FR-18-014,实现,P08-02,not_started,,,,按共享契约与任务详规验收
FR-18-015,实现,P08-02,not_started,,,,按共享契约与任务详规验收
FR-18-016,实现,P08-02,not_started,,,,按共享契约与任务详规验收
FR-19-001,延期,—,deferred,,,,用户明确低优先级，本手册不设计实现方案
FR-19-002,延期,—,deferred,,,,用户明确低优先级，本手册不设计实现方案
FR-19-003,延期,—,deferred,,,,用户明确低优先级，本手册不设计实现方案
FR-19-004,延期,—,deferred,,,,用户明确低优先级，本手册不设计实现方案
FR-19-005,延期,—,deferred,,,,用户明确低优先级，本手册不设计实现方案
FR-19-006,延期,—,deferred,,,,用户明确低优先级，本手册不设计实现方案
FR-19-007,延期,—,deferred,,,,用户明确低优先级，本手册不设计实现方案
FR-19-008,延期,—,deferred,,,,用户明确低优先级，本手册不设计实现方案
FR-19-009,延期,—,deferred,,,,用户明确低优先级，本手册不设计实现方案
FR-19-010,延期,—,deferred,,,,用户明确低优先级，本手册不设计实现方案
FR-19-011,延期,—,deferred,,,,用户明确低优先级，本手册不设计实现方案
FR-19-012,延期,—,deferred,,,,用户明确低优先级，本手册不设计实现方案
FR-20-001,延期,—,deferred,,,,用户明确低优先级，本手册不设计实现方案
FR-20-002,延期,—,deferred,,,,用户明确低优先级，本手册不设计实现方案
FR-20-003,延期,—,deferred,,,,用户明确低优先级，本手册不设计实现方案
FR-20-004,延期,—,deferred,,,,用户明确低优先级，本手册不设计实现方案
FR-20-005,延期,—,deferred,,,,用户明确低优先级，本手册不设计实现方案
FR-20-006,延期,—,deferred,,,,用户明确低优先级，本手册不设计实现方案
FR-20-007,延期,—,deferred,,,,用户明确低优先级，本手册不设计实现方案
FR-20-008,延期,—,deferred,,,,用户明确低优先级，本手册不设计实现方案
FR-20-009,延期,—,deferred,,,,用户明确低优先级，本手册不设计实现方案
FR-20-010,延期,—,deferred,,,,用户明确低优先级，本手册不设计实现方案
FR-20-011,延期,—,deferred,,,,用户明确低优先级，本手册不设计实现方案
FR-20-012,延期,—,deferred,,,,用户明确低优先级，本手册不设计实现方案
FR-20-013,延期,—,deferred,,,,用户明确低优先级，本手册不设计实现方案
FR-20-014,延期,—,deferred,,,,用户明确低优先级，本手册不设计实现方案
FR-20-015,延期,—,deferred,,,,用户明确低优先级，本手册不设计实现方案
FR-20-016,延期,—,deferred,,,,用户明确低优先级，本手册不设计实现方案
FR-21-001,实现,P08-01,not_started,,,,按共享契约与任务详规验收
FR-21-002,实现,P08-01,not_started,,,,按共享契约与任务详规验收
FR-21-003,实现,P08-01,not_started,,,,按共享契约与任务详规验收
FR-21-004,实现,P08-01,not_started,,,,按共享契约与任务详规验收
FR-21-005,实现,P08-01,not_started,,,,按共享契约与任务详规验收
FR-21-006,实现,P08-01,not_started,,,,按共享契约与任务详规验收
FR-21-007,调整实现,P08-01,not_started,,,,识别阻碍/用户接管；不托管网站登录或自动解验证码
FR-21-008,部分实现,P08-01,not_started,,,,实现提交前审阅；购买工具和自动付款不纳入
FR-21-009,实现,P08-01,not_started,,,,按共享契约与任务详规验收
FR-21-010,延期,—,deferred,,,,本机其他应用/屏幕控制延期
FR-21-011,延期,—,deferred,,,,本机其他应用/屏幕控制延期
FR-21-012,延期,—,deferred,,,,本机其他应用/屏幕控制延期
FR-21-013,延期,—,deferred,,,,本机其他应用/屏幕控制延期
FR-21-014,延期,—,deferred,,,,本机其他应用/屏幕控制延期
FR-21-015,延期,—,deferred,,,,本机其他应用/屏幕控制延期
FR-21-016,延期,—,deferred,,,,本机其他应用/屏幕控制延期
FR-22-001,实现,P09-01,not_started,,,,按共享契约与任务详规验收
FR-22-002,实现,P09-01,not_started,,,,按共享契约与任务详规验收
FR-22-003,实现,P09-02,not_started,,,,按共享契约与任务详规验收
FR-22-004,实现,P09-01,not_started,,,,按共享契约与任务详规验收
FR-22-005,实现,P09-01,not_started,,,,按共享契约与任务详规验收
FR-22-006,实现,P09-01,not_started,,,,按共享契约与任务详规验收
FR-22-007,实现,P09-02,not_started,,,,按共享契约与任务详规验收
FR-22-008,实现,P09-02,not_started,,,,按共享契约与任务详规验收
FR-22-009,实现,P09-01,not_started,,,,按共享契约与任务详规验收
FR-22-010,实现,P09-03,not_started,,,,按共享契约与任务详规验收
FR-22-011,实现,P09-03,not_started,,,,按共享契约与任务详规验收
FR-22-012,部分实现,P09-04,not_started,,,,文字生成网站纳入，参考图理解随F延期
FR-22-013,实现,P09-04,not_started,,,,只保证本地静态交互预览，不提供公网托管
FR-22-014,实现,P09-04,not_started,,,,只保证本地静态交互预览，不提供公网托管
FR-22-015,实现,P09-04,not_started,,,,只保证本地静态交互预览，不提供公网托管
FR-22-016,实现,P09-04,not_started,,,,只保证本地静态交互预览，不提供公网托管
FR-22-017,延期,—,deferred,,,,用户明确网站发布延期
FR-22-018,延期,—,deferred,,,,用户明确网站发布延期
FR-22-019,延期,—,deferred,,,,用户明确网站发布延期
FR-22-020,实现,P09-04,not_started,,,,只保证本地静态交互预览，不提供公网托管
FR-23-001,占位,P10-02,not_started,,,,只做对应入口/说明页；此条目的实际能力延期
FR-23-002,占位,P10-02,not_started,,,,只做对应入口/说明页；此条目的实际能力延期
FR-23-003,占位,P10-02,not_started,,,,只做对应入口/说明页；此条目的实际能力延期
FR-23-004,占位,P10-02,not_started,,,,只做对应入口/说明页；此条目的实际能力延期
FR-23-005,占位,P10-02,not_started,,,,只做对应入口/说明页；此条目的实际能力延期
FR-23-006,占位,P10-02,not_started,,,,只做对应入口/说明页；此条目的实际能力延期
FR-23-007,占位,P10-02,not_started,,,,只做对应入口/说明页；此条目的实际能力延期
FR-23-008,占位,P10-02,not_started,,,,只做对应入口/说明页；此条目的实际能力延期
FR-23-009,占位,P10-02,not_started,,,,只做对应入口/说明页；此条目的实际能力延期
FR-23-010,占位,P10-02,not_started,,,,只做对应入口/说明页；此条目的实际能力延期
FR-23-011,占位,P10-02,not_started,,,,只做对应入口/说明页；此条目的实际能力延期
FR-23-012,占位,P10-02,not_started,,,,只做对应入口/说明页；此条目的实际能力延期
FR-23-013,占位,P10-02,not_started,,,,只做对应入口/说明页；此条目的实际能力延期
FR-23-014,占位,P10-02,not_started,,,,只做对应入口/说明页；此条目的实际能力延期
FR-23-015,占位,P10-02,not_started,,,,只做对应入口/说明页；此条目的实际能力延期
FR-23-016,占位,P10-02,not_started,,,,只做对应入口/说明页；此条目的实际能力延期
FR-24-001,占位,P10-02,not_started,,,,只做对应入口/说明页；此条目的实际能力延期
FR-24-002,占位,P10-02,not_started,,,,只做对应入口/说明页；此条目的实际能力延期
FR-24-003,占位,P10-02,not_started,,,,只做对应入口/说明页；此条目的实际能力延期
FR-24-004,占位,P10-02,not_started,,,,只做对应入口/说明页；此条目的实际能力延期
FR-24-005,占位,P10-02,not_started,,,,只做对应入口/说明页；此条目的实际能力延期
FR-24-006,占位,P10-02,not_started,,,,只做对应入口/说明页；此条目的实际能力延期
FR-24-007,占位,P10-02,not_started,,,,只做对应入口/说明页；此条目的实际能力延期
FR-24-008,占位,P10-02,not_started,,,,只做对应入口/说明页；此条目的实际能力延期
FR-24-009,占位,P10-02,not_started,,,,只做对应入口/说明页；此条目的实际能力延期
FR-24-010,占位,P10-02,not_started,,,,只做对应入口/说明页；此条目的实际能力延期
FR-24-011,占位,P10-02,not_started,,,,只做对应入口/说明页；此条目的实际能力延期
FR-24-012,占位,P10-02,not_started,,,,只做对应入口/说明页；此条目的实际能力延期
FR-24-013,占位,P10-02,not_started,,,,只做对应入口/说明页；此条目的实际能力延期
FR-24-014,占位,P10-02,not_started,,,,只做对应入口/说明页；此条目的实际能力延期
FR-24-015,占位,P10-02,not_started,,,,只做对应入口/说明页；此条目的实际能力延期
FR-24-016,占位,P10-02,not_started,,,,只做对应入口/说明页；此条目的实际能力延期
FR-24-017,占位,P10-02,not_started,,,,只做对应入口/说明页；此条目的实际能力延期
FR-24-018,占位,P10-02,not_started,,,,只做对应入口/说明页；此条目的实际能力延期
FR-24-019,占位,P10-02,not_started,,,,只做对应入口/说明页；此条目的实际能力延期
FR-24-020,占位,P10-02,not_started,,,,只做对应入口/说明页；此条目的实际能力延期
FR-24-021,占位,P10-02,not_started,,,,只做对应入口/说明页；此条目的实际能力延期
FR-24-022,占位,P10-02,not_started,,,,只做对应入口/说明页；此条目的实际能力延期
FR-24-023,占位,P10-02,not_started,,,,只做对应入口/说明页；此条目的实际能力延期
FR-24-024,占位,P10-02,not_started,,,,只做对应入口/说明页；此条目的实际能力延期
FR-24-025,占位,P10-02,not_started,,,,只做对应入口/说明页；此条目的实际能力延期
FR-25-001,占位,P10-02,not_started,,,,只做对应入口/说明页；此条目的实际能力延期
FR-25-002,占位,P10-02,not_started,,,,只做对应入口/说明页；此条目的实际能力延期
FR-25-003,占位,P10-02,not_started,,,,只做对应入口/说明页；此条目的实际能力延期
FR-25-004,占位,P10-02,not_started,,,,只做对应入口/说明页；此条目的实际能力延期
FR-25-005,占位,P10-02,not_started,,,,只做对应入口/说明页；此条目的实际能力延期
FR-25-006,占位,P10-02,not_started,,,,只做对应入口/说明页；此条目的实际能力延期
FR-25-007,占位,P10-02,not_started,,,,只做对应入口/说明页；此条目的实际能力延期
FR-25-008,占位,P10-02,not_started,,,,只做对应入口/说明页；此条目的实际能力延期
FR-25-009,占位,P10-02,not_started,,,,只做对应入口/说明页；此条目的实际能力延期
FR-25-010,占位,P10-02,not_started,,,,只做对应入口/说明页；此条目的实际能力延期
FR-25-011,占位,P10-02,not_started,,,,只做对应入口/说明页；此条目的实际能力延期
FR-26-001,占位,P10-02,not_started,,,,只做对应入口/说明页；此条目的实际能力延期
FR-26-002,占位,P10-02,not_started,,,,只做对应入口/说明页；此条目的实际能力延期
FR-26-003,占位,P10-02,not_started,,,,只做对应入口/说明页；此条目的实际能力延期
FR-26-004,占位,P10-02,not_started,,,,只做对应入口/说明页；此条目的实际能力延期
FR-26-005,占位,P10-02,not_started,,,,只做对应入口/说明页；此条目的实际能力延期
FR-26-006,占位,P10-02,not_started,,,,只做对应入口/说明页；此条目的实际能力延期
FR-26-007,占位,P10-02,not_started,,,,只做对应入口/说明页；此条目的实际能力延期
FR-26-008,占位,P10-02,not_started,,,,只做对应入口/说明页；此条目的实际能力延期
FR-26-009,占位,P10-02,not_started,,,,只做对应入口/说明页；此条目的实际能力延期
FR-26-010,占位,P10-02,not_started,,,,只做对应入口/说明页；此条目的实际能力延期
FR-26-011,占位,P10-02,not_started,,,,只做对应入口/说明页；此条目的实际能力延期
FR-26-012,占位,P10-02,not_started,,,,只做对应入口/说明页；此条目的实际能力延期
FR-26-013,占位,P10-02,not_started,,,,只做对应入口/说明页；此条目的实际能力延期
FR-26-014,占位,P10-02,not_started,,,,只做对应入口/说明页；此条目的实际能力延期
FR-26-015,占位,P10-02,not_started,,,,只做对应入口/说明页；此条目的实际能力延期
FR-26-016,占位,P10-02,not_started,,,,只做对应入口/说明页；此条目的实际能力延期
FR-26-017,占位,P10-02,not_started,,,,只做对应入口/说明页；此条目的实际能力延期
FR-26-018,占位,P10-02,not_started,,,,只做对应入口/说明页；此条目的实际能力延期
FR-26-019,占位,P10-02,not_started,,,,只做对应入口/说明页；此条目的实际能力延期
FR-26-020,占位,P10-02,not_started,,,,只做对应入口/说明页；此条目的实际能力延期
FR-26-021,占位,P10-02,not_started,,,,只做对应入口/说明页；此条目的实际能力延期
FR-26-022,占位,P10-02,not_started,,,,只做对应入口/说明页；此条目的实际能力延期
FR-26-023,占位,P10-02,not_started,,,,只做对应入口/说明页；此条目的实际能力延期
FR-26-024,占位,P10-02,not_started,,,,只做对应入口/说明页；此条目的实际能力延期
FR-26-025,占位,P10-02,not_started,,,,只做对应入口/说明页；此条目的实际能力延期
FR-26-026,占位,P10-02,not_started,,,,只做对应入口/说明页；此条目的实际能力延期
FR-26-027,占位,P10-02,not_started,,,,只做对应入口/说明页；此条目的实际能力延期
FR-26-028,占位,P10-02,not_started,,,,只做对应入口/说明页；此条目的实际能力延期
FR-27-001,部分实现,P06-03,not_started,,,,完成/失败/待输入通知纳入，定时提醒占位
FR-27-002,部分实现,P06-03,not_started,,,,本地文件/任务/用量通知；共享与产品账号事件延期
FR-27-003,部分实现,P06-03,not_started,,,,本地文件/任务/用量通知；共享与产品账号事件延期
FR-27-004,实现,P06-03,not_started,,,,按共享契约与任务详规验收
FR-27-005,实现,P06-03,not_started,,,,按共享契约与任务详规验收
FR-27-006,实现,P06-03,not_started,,,,按共享契约与任务详规验收
FR-27-007,实现,P06-03,not_started,,,,按共享契约与任务详规验收
FR-27-008,延期,—,deferred,,,,提醒/定时功能占位
FR-27-009,部分实现,P06-03,not_started,,,,站内/Windows通知纳入，邮件/移动推送延期
FR-27-010,实现,P06-03,not_started,,,,按共享契约与任务详规验收
FR-27-011,实现,P06-03,not_started,,,,按共享契约与任务详规验收
FR-28-001,调整实现,P05-02,not_started,,,,本地导出分享，保留预览与附件/来源选择，不生成公网URL
FR-28-002,调整实现,P05-02,not_started,,,,本地导出分享，保留预览与附件/来源选择，不生成公网URL
FR-28-003,调整实现,P05-02,not_started,,,,本地导出分享，保留预览与附件/来源选择，不生成公网URL
FR-28-004,部分实现,P05-02,not_started,,,,仅不可变本地快照；持续更新分享延期
FR-28-005,延期,—,deferred,,,,无在线链接与接收者权限控制，本地文件副本不能撤回
FR-28-006,延期,—,deferred,,,,无在线链接与接收者权限控制，本地文件副本不能撤回
FR-28-007,延期,—,deferred,,,,无在线链接与接收者权限控制，本地文件副本不能撤回
FR-28-008,延期,—,deferred,,,,无在线链接与接收者权限控制，本地文件副本不能撤回
FR-28-009,延期,—,deferred,,,,无在线链接与接收者权限控制，本地文件副本不能撤回
FR-28-010,调整实现,P10-03,not_started,,,,通过版本化导出包本地导入，不建立在线共享空间
FR-28-011,延期,—,deferred,,,,多人协作需要账号与服务端，当前本地单用户
FR-28-012,延期,—,deferred,,,,多人协作需要账号与服务端，当前本地单用户
FR-28-013,延期,—,deferred,,,,多人协作需要账号与服务端，当前本地单用户
FR-28-014,延期,—,deferred,,,,多人协作需要账号与服务端，当前本地单用户
FR-28-015,延期,—,deferred,,,,多人协作需要账号与服务端，当前本地单用户
FR-28-016,延期,—,deferred,,,,多人协作需要账号与服务端，当前本地单用户
FR-28-017,延期,—,deferred,,,,多人协作需要账号与服务端，当前本地单用户
FR-29-001,实现,P02-01,not_started,,,,按共享契约与任务详规验收
FR-29-002,实现,P02-01,not_started,,,,按共享契约与任务详规验收
FR-29-003,延期,—,deferred,,,,本地个人信息无公开页或产品账号联系方式
FR-29-004,延期,—,deferred,,,,本地个人信息无公开页或产品账号联系方式
FR-29-005,实现,P02-01,not_started,,,,按共享契约与任务详规验收
FR-29-006,实现,P02-01,not_started,,,,按共享契约与任务详规验收
FR-29-007,实现,P02-01,not_started,,,,按共享契约与任务详规验收
FR-29-008,部分实现,P04-03,not_started,,,,profile/project范围实现；自定义智能体范围延期
FR-29-009,实现,P02-01,not_started,,,,按共享契约与任务详规验收
FR-29-010,实现,P04-03,not_started,,,,按共享契约与任务详规验收
FR-29-011,实现,P04-03,not_started,,,,按共享契约与任务详规验收
FR-29-012,实现,P04-03,not_started,,,,按共享契约与任务详规验收
FR-29-013,实现,P04-03,not_started,,,,按共享契约与任务详规验收
FR-29-014,部分实现,P04-03,not_started,,,,profile/project范围实现；自定义智能体范围延期
FR-29-015,实现,P04-03,not_started,,,,按共享契约与任务详规验收
FR-29-016,实现,P04-03,not_started,,,,按共享契约与任务详规验收
FR-29-017,实现,P04-03,not_started,,,,按共享契约与任务详规验收
FR-29-018,实现,P04-03,not_started,,,,按共享契约与任务详规验收
FR-30-001,实现,P10-02,not_started,,,,按共享契约与任务详规验收
FR-30-002,实现,P10-02,not_started,,,,按共享契约与任务详规验收
FR-30-003,实现,P10-02,not_started,,,,按共享契约与任务详规验收
FR-30-004,实现,P10-02,not_started,,,,按共享契约与任务详规验收
FR-30-005,延期,—,deferred,,,,语音媒体设置随G延期
FR-30-006,实现,P10-02,not_started,,,,按共享契约与任务详规验收
FR-30-007,实现,P10-02,not_started,,,,按共享契约与任务详规验收
FR-30-008,实现,P10-02,not_started,,,,按共享契约与任务详规验收
FR-30-009,部分实现,P10-02,not_started,,,,只管理当前已实现的文件/通知/网络能力，媒体/屏幕权限隐藏
FR-30-010,实现,P10-02,not_started,,,,按共享契约与任务详规验收
FR-30-011,实现,P10-02,not_started,,,,按共享契约与任务详规验收
FR-31-001,实现,P06-02,not_started,,,,按共享契约与任务详规验收
FR-31-002,实现,P06-02,not_started,,,,按共享契约与任务详规验收
FR-31-003,部分实现,P06-02,not_started,,,,实现已支持写入动作的预览与审批；购买、网站发布等延期
FR-31-004,实现,P06-02,not_started,,,,按共享契约与任务详规验收
FR-31-005,实现,P06-02,not_started,,,,按共享契约与任务详规验收
FR-31-006,实现,P06-02,not_started,,,,按共享契约与任务详规验收
FR-31-007,部分实现,P06-02,not_started,,,,撤权影响当前运行任务；定时任务只占位
FR-31-008,实现,P10-03,not_started,,,,按共享契约与任务详规验收
FR-31-009,实现,P10-03,not_started,,,,按共享契约与任务详规验收
FR-31-010,实现,P10-03,not_started,,,,按共享契约与任务详规验收
FR-31-011,实现,P10-03,not_started,,,,按共享契约与任务详规验收
FR-31-012,调整实现,P10-03,not_started,,,,无产品账号，改为清理本地资料/断开模型账号
FR-31-013,调整实现,P10-02,not_started,,,,显示已实现模型/搜索渠道的数据去向；应用插件部分只占位
FR-31-014,延期,—,deferred,,,,无产品账号；模型凭据安全由P00-02/P01承担，不实现账号安全系统
FR-31-015,延期,—,deferred,,,,无产品账号；模型凭据安全由P00-02/P01承担，不实现账号安全系统
FR-31-016,延期,—,deferred,,,,无产品账号；模型凭据安全由P00-02/P01承担，不实现账号安全系统
FR-31-017,延期,—,deferred,,,,无产品账号；模型凭据安全由P00-02/P01承担，不实现账号安全系统
FR-31-018,延期,—,deferred,,,,无产品账号；模型凭据安全由P00-02/P01承担，不实现账号安全系统
FR-32-001,延期,—,deferred,,,,暂不商业化，无账单/支付/套餐系统
FR-32-002,延期,—,deferred,,,,暂不商业化，无账单/支付/套餐系统
FR-32-003,延期,—,deferred,,,,暂不商业化，无账单/支付/套餐系统
FR-32-004,调整实现,P01-03,not_started,,,,仅模型API/订阅真实可取得的用量；无应用套餐
FR-32-005,调整实现,P01-03,not_started,,,,仅模型API/订阅真实可取得的用量；无应用套餐
FR-32-006,调整实现,P01-03,not_started,,,,仅模型API/订阅真实可取得的用量；无应用套餐
FR-32-007,调整实现,P01-03,not_started,,,,仅模型API/订阅真实可取得的用量；无应用套餐
FR-32-008,部分实现,P01-03,not_started,,,,实现预算/已知计价提示；自动充值和应用收款延期
FR-32-009,部分实现,P01-03,not_started,,,,实现预算/已知计价提示；自动充值和应用收款延期
FR-32-010,延期,—,deferred,,,,暂不商业化，无账单/支付/套餐系统
FR-32-011,延期,—,deferred,,,,暂不商业化，无账单/支付/套餐系统
FR-32-012,延期,—,deferred,,,,暂不商业化，无账单/支付/套餐系统
FR-32-013,延期,—,deferred,,,,暂不商业化，无账单/支付/套餐系统
FR-33-001,延期,—,deferred,,,,多端同步/手机/远程设备不纳入无服务器Windows版
FR-33-002,延期,—,deferred,,,,多端同步/手机/远程设备不纳入无服务器Windows版
FR-33-003,延期,—,deferred,,,,多端同步/手机/远程设备不纳入无服务器Windows版
FR-33-004,调整实现,P10-02,not_started,,,,首版仅Windows，按available/placeholder/hidden显示
FR-33-005,延期,—,deferred,,,,多端同步/手机/远程设备不纳入无服务器Windows版
FR-33-006,延期,—,deferred,,,,多端同步/手机/远程设备不纳入无服务器Windows版
FR-33-007,实现,P10-02,not_started,,,,Windows快速输入窗口，见交互补充
FR-33-008,部分实现,P03-01,not_started,,,,拖入文件/关联目录纳入；截图属屏幕能力延期
FR-33-009,延期,—,deferred,,,,多端同步/手机/远程设备不纳入无服务器Windows版
FR-33-010,部分实现,P02-02,not_started,,,,草稿/消息恢复；不实现云同步
FR-33-011,实现,P10-02,not_started,,,,按共享契约与任务详规验收
FR-33-012,实现,P10-02,not_started,,,,按共享契约与任务详规验收
FR-33-013,实现,P10-02,not_started,,,,按共享契约与任务详规验收
FR-33-014,实现,P10-02,not_started,,,,按共享契约与任务详规验收
FR-33-015,实现,P10-02,not_started,,,,按共享契约与任务详规验收
FR-33-016,延期,—,deferred,,,,随G媒体能力延期
FR-34-001,延期,—,deferred,,,,当前不建服务器/产品账号，团队空间不纳入
FR-34-002,延期,—,deferred,,,,当前不建服务器/产品账号，团队空间不纳入
FR-34-003,延期,—,deferred,,,,当前不建服务器/产品账号，团队空间不纳入
FR-34-004,延期,—,deferred,,,,当前不建服务器/产品账号，团队空间不纳入
FR-34-005,延期,—,deferred,,,,当前不建服务器/产品账号，团队空间不纳入
FR-34-006,延期,—,deferred,,,,当前不建服务器/产品账号，团队空间不纳入
FR-34-007,延期,—,deferred,,,,当前不建服务器/产品账号，团队空间不纳入
FR-34-008,延期,—,deferred,,,,当前不建服务器/产品账号，团队空间不纳入
FR-34-009,延期,—,deferred,,,,当前不建服务器/产品账号，团队空间不纳入
FR-34-010,延期,—,deferred,,,,当前不建服务器/产品账号，团队空间不纳入
FR-34-011,延期,—,deferred,,,,当前不建服务器/产品账号，团队空间不纳入
FR-34-012,延期,—,deferred,,,,当前不建服务器/产品账号，团队空间不纳入
FR-34-013,延期,—,deferred,,,,当前不建服务器/产品账号，团队空间不纳入
FR-35-001,延期,—,deferred,,,,用户明确低优先级，本手册不设计实现方案
FR-35-002,延期,—,deferred,,,,用户明确低优先级，本手册不设计实现方案
FR-35-003,延期,—,deferred,,,,用户明确低优先级，本手册不设计实现方案
FR-35-004,延期,—,deferred,,,,用户明确低优先级，本手册不设计实现方案
FR-35-005,延期,—,deferred,,,,用户明确低优先级，本手册不设计实现方案
FR-35-006,延期,—,deferred,,,,用户明确低优先级，本手册不设计实现方案
FR-35-007,延期,—,deferred,,,,用户明确低优先级，本手册不设计实现方案
FR-35-008,延期,—,deferred,,,,用户明确低优先级，本手册不设计实现方案
FR-35-009,延期,—,deferred,,,,用户明确低优先级，本手册不设计实现方案
FR-36-001,实现,P10-02,not_started,,,,按共享契约与任务详规验收
FR-36-002,实现,P10-02,not_started,,,,按共享契约与任务详规验收
FR-36-003,实现,P10-02,not_started,,,,按共享契约与任务详规验收
FR-36-004,实现,P10-02,not_started,,,,按共享契约与任务详规验收
FR-36-005,实现,P10-02,not_started,,,,按共享契约与任务详规验收
FR-36-006,调整实现,P10-02,not_started,,,,用户可访问GitHub Issue跟进，应用不运营客服后台
FR-36-007,调整实现,P10-02,not_started,,,,本地连接健康与供应商官方状态外链，无自建服务状态后台
FR-36-008,实现,P10-02,not_started,,,,按共享契约与任务详规验收
FR-36-009,实现,P10-02,not_started,,,,按共享契约与任务详规验收
FR-36-010,实现,P10-02,not_started,,,,按共享契约与任务详规验收
FR-36-011,实现,P06-03,not_started,,,,结构化错误和恢复动作
FR-36-012,部分实现,P10-03,not_started,,,,删除/覆盖有影响预览；已发出的本地分享副本不可撤销
FR-36-013,实现,P10-02,not_started,,,,按共享契约与任务详规验收
FR-36-014,部分实现,P10-02,not_started,,,,已实现的文件/模型/来源可替换，插件目录占位
FR-36-015,实现,P10-02,not_started,,,,按共享契约与任务详规验收
FR-36-016,调整实现,P10-03,not_started,,,,本地导入/恢复与多窗口冲突保留副本，无云同步
FR-36-017,实现,P10-02,not_started,,,,按共享契约与任务详规验收
FR-37-001,调整实现,P05-03,not_started,,,,改为首次连接模型，无产品注册登录
FR-37-002,实现,P11-01,not_started,,,,加入端到端路径
FR-37-003,实现,P11-01,not_started,,,,加入端到端路径
FR-37-004,实现,P11-01,not_started,,,,加入端到端路径
FR-37-005,实现,P11-01,not_started,,,,加入端到端路径
FR-37-006,占位,P10-02,not_started,,,,对应流程底层延期，只验占位状态
FR-37-007,占位,P10-02,not_started,,,,对应流程底层延期，只验占位状态
FR-37-008,占位,P10-02,not_started,,,,对应流程底层延期，只验占位状态
FR-37-009,调整实现,P05-02,not_started,,,,本地分享副本，不支持撤销收件人副本
FR-37-010,实现,P11-01,not_started,,,,加入端到端路径
FR-37-011,调整实现,P01-03,not_started,,,,切换已配置API/查看供应商额度，不购买本产品套餐
FR-37-012,调整实现,P10-03,not_started,,,,清理本地数据，不注销产品账号
FR-01-T01,实现,P02-01,not_started,,,,表格需求拆解，按所列任务落实
FR-15-T01,实现,P03-02,not_started,,,,表格需求拆解，按所列任务落实
FR-15-T02,实现,P03-02,not_started,,,,表格需求拆解，按所列任务落实
FR-15-T03,实现,P03-02,not_started,,,,表格需求拆解，按所列任务落实
FR-15-T04,实现,P03-02,not_started,,,,表格需求拆解，按所列任务落实
FR-15-T05,实现,P03-02,not_started,,,,表格需求拆解，按所列任务落实
FR-15-T06,实现,P03-02,not_started,,,,表格需求拆解，按所列任务落实
FR-15-T07,延期,—,deferred,,,,媒体随G延期
FR-15-T08,实现,P09-04,not_started,,,,表格需求拆解，按所列任务落实
